step,loss
0,0.623664
100,0.544274
200,0.54025
300,0.531639
400,0.487404
500,0.471216
600,0.129515
700,0.0429226
800,0.0105603
900,0.0173038
1000,0.00355042
1100,0.000651423
1200,0.000810984
