step,loss
0,0.572809
100,0.529472
200,0.523533
300,0.544209
400,0.433287
500,0.297478
600,0.0846988
700,0.0109004
800,0.00713352
900,0.00416484
1000,0.00306895
1100,0.00565566
1200,0.000352566
1300,0.000475511
1400,0.000484526
1500,0.000310888
1600,0.000351989
1700,3.19364e-05
