step,loss
0,0.573436
100,0.507339
200,0.205723
300,0.00533977
400,0.000418117
500,8.11234e-05
600,3.80905e-05
700,1.26454e-05
800,1.65352e-06
900,1.94583e-06
1000,3.8559e-08
1100,3.33571e-08
1200,4.7943e-10
