step,loss
0,0.391502
100,0.00889462
200,0.000893706
300,0.000164525
400,0.000164709
500,2.28547e-05
600,3.70962e-06
700,8.69913e-06
800,6.08052e-07
900,3.65676e-06
1000,3.1318e-06
1100,8.29523e-07
1200,2.13964e-07
