step,train_acc
0,0.166666666667
100,0.0416666666667
200,0.458333333333
300,1.0
400,1.0
500,1.0
600,1.0
700,1.0
800,1.0
900,1.0
1000,1.0
1100,1.0
1200,1.0
1300,1.0
1400,1.0
1500,1.0
1600,1.0
1700,1.0
