step,train_acc
0,0.0
100,0.166666666667
200,0.25
300,0.166666666667
400,0.166666666667
500,0.583333333333
600,0.916666666667
700,1.0
800,1.0
900,1.0
1000,1.0
1100,1.0
1200,1.0
1300,1.0
1400,1.0
1500,1.0
1600,1.0
1700,1.0
